klawiatury,myszki,monitory PC,głośniki,słuchawki,gpu,cpu
Mega super 3000,滑鼠,Red Dragon Monitor,JBL 2.0,Sony WH-1000XM4,Super Ice Cold 9000,Mega CPU
Logitech XJ213,Super Mouse,219309XJZ,Super Bass Boost,Bose QuietComfort 35 II,NVIDIA GeForce RTX 4090,Super CPU
Mega super Premium,Super Mega Mouse,Hitachi Super 2100,MEGA Sound,Apple AirPods Pro,Mega GPU,Mega Super CPU
Mega super mini,Mega Super Mouse,The Monitor,Zap Sound,Sennheiser HD 450BT,Super GPU,Super Mega CPU
Mega super Extra,Mega Mouse,Super Monitor,Loud Bang,JBL Tune 750BTNC,Super Mega GPU,Flaming Rage CPU
Mega super 2.0,Super Mouse 2.0,Premium Monitor,Mega Głośnik,Beats Studio3,Mini GPU,SnapDragon CPU
Mega super Pro,Super Mouse 3.0,Mega monitor,Super Głośnik,Audio-Technica ATH-M50x,Achtung GPU,Beginner CPU
Super mega 3000,Mega mouse 2.0,Cool Monitor,Mini Głośnik,Samsung Galaxy Buds Pro,MEGA SUPER GPU,CPU lite
Mega Super 1000,Mega Mouse 3.0,Nice Monitor,Extra Głośnik,Jabra Elite 75t,logitech GPU,CPU Extra
Mega Super 2000,Premium Mouse,Good Monitor,Głośnik 3000,Anker Soundcore Life Q20,Random GPU,CPU 1.0
Mega Super 4000,Premium Mouse Pro,Special Monitor,Panasonic Speaker,Beyerdynamic DT 770 Pro,Cool GPU,CPU 2.0
Super mega 1000,Quick Mouse,Yamacha 3000,Wow Speaker,Skullcandy Crusher,Super Nice GPU,CPU 3.0
Super mega 2000,Quick Mouse 2.0,iiyama Monitor,Loud and Proud Speaker,Microsoft Surface Headphones 2,Freaky GPU,SUPER MEGA FIRE LIMITED
Super mega 4000,Cool Mouse,Awesome Monitor,Ear defeaner Speaker,Logitech G Pro X,GPU 1.0,CPU 4.0
Limited Super mega,Super Cool Mouse,Amazing Monitor,Apple speaker,Razer BlackShark V2,GPU 2.0,CPU 5.0
Limited Mega super,Cool Mouse 2.0,Fire Monitor,Orange speaker,Bang & Olufsen Beoplay H9,Lite GPU,CPU 6.0
Mega super Special,Super Cool Mouse 2.0,Super Mega monitor,Banana speaker,Shure AONIC 50,EXTRA GPU,CPU 7.0
super mega special,Nice Mouse,Mega super monitor,Cucumber speaker,AKG N60NC Wireless,The GPU,CPU 7.5
Mega 3000,Limited Edition Super,Extra Monitor,mega super speaker,Panasonic RP-HTX90N,GPU 3.0,Last CPU
